{
    "$schema": "https://schema.management.azure.com/schemas/2015-01-01/deploymentParameters.json#",
    "contentVersion": "1.0.0.0",
    "parameters": {
        "factoryName": {
            "value": "Team15DataFactory"
        },
        "AzureDataLakeStorage1_accountKey": {
            "value": ""
        },
        "AzureSqlDatabase1_connectionString": {
            "value": ""
        },
        "AzureSqlDatabase3_connectionString": {
            "value": ""
        },
        "CosmosDbNoSql2_connectionString": {
            "value": ""
        },
        "SqlServer3_connectionString": {
            "value": ""
        },
        "AzureDataLakeStorage1_properties_typeProperties_url": {
            "value": "https://covid19h4pyigjp7qiiu.dfs.core.windows.net/"
        },
        "containerUri": {
            "value": ""
        },
        "containerSasToken": {
            "value": ""
        }
    }
}