{
    "$schema": "http://schema.management.azure.com/schemas/2015-01-01/deploymentTemplate.json#",
    "contentVersion": "1.0.0.0",
    "parameters": {
        "factoryName": {
            "type": "string",
            "metadata": "Data Factory name",
            "defaultValue": "Team15DataFactory"
        },
        "AzureDataLakeStorage1_accountKey": {
            "type": "secureString",
            "metadata": "Secure string for 'accountKey' of 'AzureDataLakeStorage1'"
        },
        "AzureSqlDatabase1_connectionString": {
            "type": "secureString",
            "metadata": "Secure string for 'connectionString' of 'AzureSqlDatabase1'"
        },
        "AzureSqlDatabase3_connectionString": {
            "type": "secureString",
            "metadata": "Secure string for 'connectionString' of 'AzureSqlDatabase3'"
        },
        "CosmosDbNoSql2_connectionString": {
            "type": "secureString",
            "metadata": "Secure string for 'connectionString' of 'CosmosDbNoSql2'"
        },
        "SqlServer3_connectionString": {
            "type": "secureString",
            "metadata": "Secure string for 'connectionString' of 'SqlServer3'"
        },
        "AzureDataLakeStorage1_properties_typeProperties_url": {
            "type": "string",
            "defaultValue": "https://covid19h4pyigjp7qiiu.dfs.core.windows.net/"
        },
        "containerUri": {
            "type": "string",
            "metadata": "URI to storage account containing linked ARM templates"
        },
        "containerSasToken": {
            "type": "string",
            "metadata": "Sas token to storage account containing linked ARM templates"
        }
    },
    "variables": {
        "factoryId": "[concat('Microsoft.DataFactory/factories/', parameters('factoryName'))]"
    },
    "resources": [
        {
            "name": "Team15DataFactory_ArmTemplate_0",
            "type": "Microsoft.Resources/deployments",
            "apiVersion": "2018-02-01",
            "properties": {
                "mode": "incremental",
                "templateLink": {
                    "uri": "[concat(parameters('containerUri'), '/ArmTemplate_0.json', parameters('containerSasToken'))]",
                    "contentVersion": "1.0.0.0"
                },
                "parameters": {
                    "factoryName": {
                        "value": "[parameters('factoryName')]"
                    },
                    "AzureDataLakeStorage1_accountKey": {
                        "value": "[parameters('AzureDataLakeStorage1_accountKey')]"
                    },
                    "AzureSqlDatabase1_connectionString": {
                        "value": "[parameters('AzureSqlDatabase1_connectionString')]"
                    },
                    "CosmosDbNoSql2_connectionString": {
                        "value": "[parameters('CosmosDbNoSql2_connectionString')]"
                    },
                    "AzureDataLakeStorage1_properties_typeProperties_url": {
                        "value": "[parameters('AzureDataLakeStorage1_properties_typeProperties_url')]"
                    }
                }
            },
            "dependsOn": []
        },
        {
            "name": "Team15DataFactory_ArmTemplate_1",
            "type": "Microsoft.Resources/deployments",
            "apiVersion": "2018-02-01",
            "properties": {
                "mode": "incremental",
                "templateLink": {
                    "uri": "[concat(parameters('containerUri'), '/ArmTemplate_1.json', parameters('containerSasToken'))]",
                    "contentVersion": "1.0.0.0"
                },
                "parameters": {
                    "factoryName": {
                        "value": "[parameters('factoryName')]"
                    },
                    "AzureSqlDatabase3_connectionString": {
                        "value": "[parameters('AzureSqlDatabase3_connectionString')]"
                    },
                    "SqlServer3_connectionString": {
                        "value": "[parameters('SqlServer3_connectionString')]"
                    }
                }
            },
            "dependsOn": [
                "[resourceId('Microsoft.Resources/deployments', 'Team15DataFactory_ArmTemplate_0')]"
            ]
        }
    ]
}